{"index": 99, "training error": 9291.6279296875, "_runtime": 9998, "_timestamp": 1624308094, "_step": 100, "finalTrainingError": 9291.6279296875}