{"index": 99, "training error": 1.0175267457962036, "_runtime": 10634, "_timestamp": 1624318781, "_step": 100, "finalTrainingError": 1.0175267457962036}